username,password_hash,password_plain_DEMO_ONLY,user_idx,user_id,n_interactions,activity_level
light_01,d3ad9315b7be5dd53b31a273b3b3aba5defe700808305aa16a3062b76658a791,demo123,238222,3bccb6e6be8f7f0d516e3b2e56286d9fdcd94924,5,light
light_02,d3ad9315b7be5dd53b31a273b3b3aba5defe700808305aa16a3062b76658a791,demo123,566700,d47ab2e67738a61f0b85b10175a48962a9c38bc1,7,light
light_03,d3ad9315b7be5dd53b31a273b3b3aba5defe700808305aa16a3062b76658a791,demo123,317727,421d86234e97ade961a0a21c3d113b1e79c28cac,8,light
light_04,d3ad9315b7be5dd53b31a273b3b3aba5defe700808305aa16a3062b76658a791,demo123,510420,a292bc88c6644babd702811560f09167905c3466,11,light
light_05,d3ad9315b7be5dd53b31a273b3b3aba5defe700808305aa16a3062b76658a791,demo123,629324,4337363a07a4150c00e441db2c844bc55d7210da,7,light
light_06,d3ad9315b7be5dd53b31a273b3b3aba5defe700808305aa16a3062b76658a791,demo123,614843,b5222f674056e659e0f9772a2c7ebd8bb3927a55,10,light
light_07,d3ad9315b7be5dd53b31a273b3b3aba5defe700808305aa16a3062b76658a791,demo123,527970,50f5473068544b8badddfb2bca4dc628e01ef7ad,14,light
light_08,d3ad9315b7be5dd53b31a273b3b3aba5defe700808305aa16a3062b76658a791,demo123,264012,3630ca3ffc76d3babd6f7a2f84a96da5ba548332,5,light
light_09,d3ad9315b7be5dd53b31a273b3b3aba5defe700808305aa16a3062b76658a791,demo123,188039,4915f1ec5b06cecd4d300abdf9d5fef901c884de,5,light
light_10,d3ad9315b7be5dd53b31a273b3b3aba5defe700808305aa16a3062b76658a791,demo123,551246,3bb76f889e0f8bf5651f85eb2c0448acb329e1cb,8,light
light_11,d3ad9315b7be5dd53b31a273b3b3aba5defe700808305aa16a3062b76658a791,demo123,61535,689cf14b160d1e944174f42cee9a2a7e2baf8434,5,light
light_12,d3ad9315b7be5dd53b31a273b3b3aba5defe700808305aa16a3062b76658a791,demo123,350858,88fe5958e18ea2f672e0508062d6fa1aafe8f278,5,light
light_13,d3ad9315b7be5dd53b31a273b3b3aba5defe700808305aa16a3062b76658a791,demo123,562982,af812628fdbecfd7b3d95ee660755ff155fd610a,7,light
light_14,d3ad9315b7be5dd53b31a273b3b3aba5defe700808305aa16a3062b76658a791,demo123,106118,1f22c06fc85b41cbf464e120d7642e22626e36f4,6,light
light_15,d3ad9315b7be5dd53b31a273b3b3aba5defe700808305aa16a3062b76658a791,demo123,181257,070ee1cf4ee7dbeb2199980ea48a375b9d1a02cc,6,light
light_16,d3ad9315b7be5dd53b31a273b3b3aba5defe700808305aa16a3062b76658a791,demo123,527545,4c616ac7c1883164d9bf4f6c1fa3deb6fe2bf801,11,light
light_17,d3ad9315b7be5dd53b31a273b3b3aba5defe700808305aa16a3062b76658a791,demo123,638597,9dfec04259bc4516d69d37ac6980f2d420ca4265,12,light
light_18,d3ad9315b7be5dd53b31a273b3b3aba5defe700808305aa16a3062b76658a791,demo123,349050,76adf8941a08ecc5802fb7e89fb6b93a7dfbf408,5,light
light_19,d3ad9315b7be5dd53b31a273b3b3aba5defe700808305aa16a3062b76658a791,demo123,289454,2ebc74ffed7beeed1d1654aa7d98630b60b94ef5,6,light
light_20,d3ad9315b7be5dd53b31a273b3b3aba5defe700808305aa16a3062b76658a791,demo123,748241,d5677a851a3943c26b35e61d620a6a35775b4ac8,7,light
medium_01,d3ad9315b7be5dd53b31a273b3b3aba5defe700808305aa16a3062b76658a791,demo123,760456,4f5196133ea1ccfdb3d09c47d53411f5dee4c255,33,medium
medium_02,d3ad9315b7be5dd53b31a273b3b3aba5defe700808305aa16a3062b76658a791,demo123,341204,29ad733600e114d50d7bf2a1d50dd810d9402e48,16,medium
medium_03,d3ad9315b7be5dd53b31a273b3b3aba5defe700808305aa16a3062b76658a791,demo123,518811,f55af61d0a1e3f1b06f9655768c3a98caa1b57df,15,medium
medium_04,d3ad9315b7be5dd53b31a273b3b3aba5defe700808305aa16a3062b76658a791,demo123,286066,0dac12de188ec6b8fa9f71b88b2cd9d4025ef5f1,15,medium
medium_05,d3ad9315b7be5dd53b31a273b3b3aba5defe700808305aa16a3062b76658a791,demo123,764074,7225926a8dcf93eb8bf363907cf2515357ad613b,34,medium
medium_06,d3ad9315b7be5dd53b31a273b3b3aba5defe700808305aa16a3062b76658a791,demo123,714686,8b02131b322914368f32db9c1154866756fc2438,29,medium
medium_07,d3ad9315b7be5dd53b31a273b3b3aba5defe700808305aa16a3062b76658a791,demo123,667521,bbaa0275f84e569e6ab57059f806e997d5b7d62e,33,medium
medium_08,d3ad9315b7be5dd53b31a273b3b3aba5defe700808305aa16a3062b76658a791,demo123,592707,d7274497eb52ace73f5d90ff2838b9fc61711e8a,19,medium
medium_09,d3ad9315b7be5dd53b31a273b3b3aba5defe700808305aa16a3062b76658a791,demo123,108057,32a6c1450fa381c168dc0ccaf7bc1ff690eea9ba,17,medium
medium_10,d3ad9315b7be5dd53b31a273b3b3aba5defe700808305aa16a3062b76658a791,demo123,505119,6d8c7e80861c908f3ff19b85a64b8073dae9ecfe,15,medium
medium_11,d3ad9315b7be5dd53b31a273b3b3aba5defe700808305aa16a3062b76658a791,demo123,103803,080408c229a522b5f0ead91d1fd1b8a9ec07111d,26,medium
medium_12,d3ad9315b7be5dd53b31a273b3b3aba5defe700808305aa16a3062b76658a791,demo123,735829,5b2c7f55431592f26942d6a8d5df3f15b42900e8,19,medium
medium_13,d3ad9315b7be5dd53b31a273b3b3aba5defe700808305aa16a3062b76658a791,demo123,233964,11a1f2df71e90b2168df3c96d21cc66a1942be52,17,medium
medium_14,d3ad9315b7be5dd53b31a273b3b3aba5defe700808305aa16a3062b76658a791,demo123,172646,b272959660ac494596206c50726b742d644d6fae,19,medium
medium_15,d3ad9315b7be5dd53b31a273b3b3aba5defe700808305aa16a3062b76658a791,demo123,72650,d744581ed041d76141400f7d5530258e3d8982a3,24,medium
medium_16,d3ad9315b7be5dd53b31a273b3b3aba5defe700808305aa16a3062b76658a791,demo123,245662,84a693cd90e212bc3dfaf27a75f74b4980e0e1c8,39,medium
medium_17,d3ad9315b7be5dd53b31a273b3b3aba5defe700808305aa16a3062b76658a791,demo123,263991,35e99fe755a0f52fd1c544c4feb0815384264cfd,23,medium
medium_18,d3ad9315b7be5dd53b31a273b3b3aba5defe700808305aa16a3062b76658a791,demo123,411373,d85fcf82ca87fcaa7c2dd406918e39115f586386,26,medium
medium_19,d3ad9315b7be5dd53b31a273b3b3aba5defe700808305aa16a3062b76658a791,demo123,516289,dc48de1b0ef1d934274616f5a2d01745d184de8b,23,medium
medium_20,d3ad9315b7be5dd53b31a273b3b3aba5defe700808305aa16a3062b76658a791,demo123,60760,60f50b90cacd7c294616fbd2f2452cac7f4fe1e3,17,medium
heavy_01,d3ad9315b7be5dd53b31a273b3b3aba5defe700808305aa16a3062b76658a791,demo123,821578,a6a14a66b7204dd15da3e712d10c808782dd4fa9,63,heavy
heavy_02,d3ad9315b7be5dd53b31a273b3b3aba5defe700808305aa16a3062b76658a791,demo123,949299,8d96144cae72266d908c728b4dff2c622b0a87b4,64,heavy
heavy_03,d3ad9315b7be5dd53b31a273b3b3aba5defe700808305aa16a3062b76658a791,demo123,120401,ad8287958c679408ce7be62485c8c65d2d202b55,83,heavy
heavy_04,d3ad9315b7be5dd53b31a273b3b3aba5defe700808305aa16a3062b76658a791,demo123,743121,a29c501e3469c786f87e167a8bf83b01b58e175e,52,heavy
heavy_05,d3ad9315b7be5dd53b31a273b3b3aba5defe700808305aa16a3062b76658a791,demo123,110610,4c28c3c69adbf9949e3510668fb63b727942af75,60,heavy
heavy_06,d3ad9315b7be5dd53b31a273b3b3aba5defe700808305aa16a3062b76658a791,demo123,234151,1390384f83355d23caebd42b53d7a24f1d275588,96,heavy
heavy_07,d3ad9315b7be5dd53b31a273b3b3aba5defe700808305aa16a3062b76658a791,demo123,343575,40aeaa2e0c20204e58d5d3038d8558fc4ce987c9,49,heavy
heavy_08,d3ad9315b7be5dd53b31a273b3b3aba5defe700808305aa16a3062b76658a791,demo123,489569,d49bcc3eaab5912210fab88c0d302a387949f3f7,46,heavy
heavy_09,d3ad9315b7be5dd53b31a273b3b3aba5defe700808305aa16a3062b76658a791,demo123,183255,19f11f7069bf2c44484fa75b66764c5c85830fd3,43,heavy
heavy_10,d3ad9315b7be5dd53b31a273b3b3aba5defe700808305aa16a3062b76658a791,demo123,26860,0cf2b74e1a8134d1fa26335e625f468cfa9f7464,62,heavy
heavy_11,d3ad9315b7be5dd53b31a273b3b3aba5defe700808305aa16a3062b76658a791,demo123,340058,1e01da7f07043683bd044b4dd941206ffae2817d,56,heavy
heavy_12,d3ad9315b7be5dd53b31a273b3b3aba5defe700808305aa16a3062b76658a791,demo123,1181,0c959f34f3ec79f7bfbb0bcece384512db46116f,54,heavy
heavy_13,d3ad9315b7be5dd53b31a273b3b3aba5defe700808305aa16a3062b76658a791,demo123,20056,c987f22efb095d24f6eccc6188d5ffb1a090cba5,56,heavy
heavy_14,d3ad9315b7be5dd53b31a273b3b3aba5defe700808305aa16a3062b76658a791,demo123,525965,3c5a6facc85f72f71fc341d71b77cb42340342ca,130,heavy
heavy_15,d3ad9315b7be5dd53b31a273b3b3aba5defe700808305aa16a3062b76658a791,demo123,422979,48f14d1953d3607ea429c07ea0e4339f48ab8313,53,heavy
heavy_16,d3ad9315b7be5dd53b31a273b3b3aba5defe700808305aa16a3062b76658a791,demo123,248791,a3590e54aa134ed06477ee0007d6b76acbd01b10,54,heavy
heavy_17,d3ad9315b7be5dd53b31a273b3b3aba5defe700808305aa16a3062b76658a791,demo123,596713,fe9c060def6beebfd8d16b3830f720f9dc429f51,118,heavy
heavy_18,d3ad9315b7be5dd53b31a273b3b3aba5defe700808305aa16a3062b76658a791,demo123,869734,7f06dd93f1ac491780c59e8447fc8e54e50167da,49,heavy
heavy_19,d3ad9315b7be5dd53b31a273b3b3aba5defe700808305aa16a3062b76658a791,demo123,174083,c07bd2dbfe9d9b823f5307f479dda4774ee2f43f,54,heavy
heavy_20,d3ad9315b7be5dd53b31a273b3b3aba5defe700808305aa16a3062b76658a791,demo123,170248,9b5bac7478d8b805832522e991b0f6c1d869cbe1,85,heavy
